UserID,ETDDC,TimeInSession_sec,GameInSession,RMS_3D_POS,MED_3D_POS,RMS_ANGLE_DEG,MED_ANGLE_DEG,RMS_DIST_DIOP,MED_DIST_DIOP
001,1,21.220248,1,3.92303,4.16517,0.366874,0.289391,0.097642,0.0947441
001,1,844.617482,2,3.29428,2.80907,0.695516,0.445872,0.150365,0.0575753
001,1,2004.292775,3,2.0978,0.69239,0.559772,0.543207,0.0862903,0.0331931
001,1,3236.209719,4,4.33985,4.53111,0.569462,0.498893,0.145541,0.120109
001,0,21.440982,1,3.32702,2.47281,0.768966,0.648309,0.156036,0.108483
001,0,1152.946447,2,2.23696,0.861409,1.00663,0.683855,0.077634,0.0332237
001,0,2425.986234,3,3.01615,1.38251,0.644636,0.407344,0.0870882,0.0620222
001,0,3564.435982,4,2.34388,1.40555,2.35455,0.593473,0.111007,0.031259
002,0,18.50999,1,2.96601,1.85328,0.438345,0.446749,0.140473,0.0391354
002,0,1232.147869,2,3.28162,2.75562,0.450839,0.445872,0.11263,0.0556701
002,0,2466.038343,3,4.06823,2.37203,0.751298,0.650118,0.181592,0.0332404
002,0,3739.814796,4,3.63013,2.43064,0.794531,0.472712,0.121454,0.117999
002,1,18.578793,1,3.6994,4.90639,0.579559,0.507449,0.0699828,0.0332372
002,1,1241.09616,2,1.45484,0.534633,0.634188,0.48618,0.091748,0.015419
002,1,2331.892569,3,2.97799,1.01632,0.358876,0.307105,0.0853963,0.0548765
002,1,3670.148966,4,2.43572,0.801365,0.66384,0.595448,0.0656768,0.0327295
003,1,19.366272,1,3.09358,1.42415,0.61646,0.490986,0.093271,0.0332498
003,1,1218.740778,2,2.76006,0.932651,4.08844,0.961034,0.119114,0.0374721
003,1,2432.039475,3,4.35404,1.26688,1.08705,0.848806,0.354004,0.0901746
003,1,3582.189275,4,3.4772,1.92787,2.08365,0.520018,0.104281,0.0428932
003,0,48.02477,1,6.83605,2.53617,8.65654,4.81451,3.47955,2.71779
003,0,1356.255983,2,6.45644,4.98238,1.32413,0.586508,0.286379,0.101225
003,0,2511.678416,3,2.99465,1.57395,3.72893,1.20934,0.206934,0.033246
003,0,2501.856542,3,3.40163,1.97709,2.44572,1.03268,0.225667,0.0332466
004,0,19.575677,1,3.87512,4.97683,0.485853,0.438348,0.0697521,0.0332283
004,0,664.145475,2,3.76687,4.97692,0.35186,0.312787,0.0535876,0.0332305
004,0,1899.704703,3,3.4966,2.44074,0.567469,0.471469,0.0664435,0.0332326
004,0,2989.997248,4,2.04125,0.673723,0.374708,0.239031,0.0569481,0.0233754
004,1,20.211885,1,3.48199,2.31851,0.357685,0.320206,0.0872271,0.033216
004,1,1217.90471,2,2.26906,0.563684,0.361131,0.255644,0.0641458,0.033217
004,1,2499.67495,3,1.74309,0.573801,0.371442,0.305828,0.0830741,0.0318495
004,1,3568.670383,4,3.43136,2.84556,0.556057,0.497715,0.133159,0.0332165
005,1,19.445945,1,4.30593,4.97681,1.27426,0.898746,0.149455,0.0383702
005,1,1454.900541,2,4.41586,3.24751,0.890914,0.829215,0.198525,0.0723168
005,1,1497.245157,2,2.85674,1.01491,2.82568,1.08498,0.0868254,0.0332209
005,1,2101.549299,3,7.55796,5.50522,9.23389,10.1293,0.260066,0.03322
005,1,3232.640918,4,4.14478,3.48945,1.81193,0.961848,0.180296,0.131393
005,0,47.356502,1,5.40286,4.96457,1.56773,1.4787,0.242873,0.0429696
005,0,1347.442447,2,5.27799,1.57533,1.71607,1.32264,0.363845,0.0266039
005,0,2574.816075,3,3.8457,2.7876,2.04724,0.620551,0.229244,0.142171
005,0,3800.046153,4,6.05575,4.99358,2.65691,1.9434,0.523984,0.117204
006,0,19.218899,1,2.84546,2.17062,0.563485,0.46436,0.138666,0.0816169
006,0,658.968038,2,2.17157,1.57718,0.83396,0.752255,0.142285,0.0260027
006,0,663.931527,2,2.62512,1.34768,0.6297,0.416841,0.135188,0.0264586
006,0,1758.331434,3,3.23824,2.03742,2.46016,0.558831,0.138736,0.0907355
006,0,3068.595001,4,4.14918,4.42751,0.432881,0.394161,0.167714,0.11191
006,0,18.820308,1,1.82009,0.500356,0.563217,0.53008,0.0451459,0.0181418
006,0,1319.091175,2,2.88197,1.57277,0.530506,0.300014,0.115867,0.0668224
006,0,1317.927119,2,3.64992,3.34375,0.304388,0.214891,0.0961256,0.0863562
006,0,2199.636596,3,2.04123,0.763967,0.650901,0.49614,0.0620135,0.0400603
006,0,3584.037728,4,2.85204,1.84656,0.564333,0.500068,0.100625,0.0324687
006,0,4228.342317,4,2.01294,1.29466,0.580631,0.375344,0.131406,0.0295411
007,1,21.578426,1,2.69128,1.15452,0.905015,0.540679,0.17191,0.110901
007,1,1299.501684,2,3.03278,1.01508,0.442357,0.363695,0.119319,0.059318
007,1,2446.65327,3,3.34642,1.08211,0.597657,0.53923,0.107548,0.0921135
007,1,3771.953273,4,2.91624,2.32342,0.748349,0.448934,0.156404,0.0409667
007,0,18.774474,1,2.50513,1.62299,0.629124,0.351102,0.167509,0.0732505
007,0,20.145402,1,4.08094,4.47721,0.720386,0.642549,0.154469,0.127602
007,0,1356.119109,2,3.36423,2.96527,1.00158,0.589503,0.182713,0.0761681
007,0,2600.526354,3,3.59677,3.17589,0.772174,0.748081,0.169272,0.108309
008,0,22.999326,1,3.37335,1.10972,0.682195,0.509757,0.0986702,0.064429
008,0,1214.794738,2,2.80234,1.40567,0.752952,0.593143,0.108527,0.0415783
008,0,2357.511252,3,3.61898,2.76098,0.889899,0.618023,0.130581,0.0752946
008,0,3612.339096,4,2.47783,1.10228,0.973613,0.915998,0.111269,0.0637409
008,1,18.408812,1,3.77426,2.7569,0.779927,0.620551,0.159394,0.111205
008,1,1210.826792,2,2.52486,1.72455,0.694029,0.507063,0.108005,0.0578361
008,1,2399.868221,3,2.85719,1.85673,0.842121,0.64589,0.13355,0.0519999
008,1,3590.61893,4,2.5025,1.07508,0.776075,0.451108,0.117865,0.050221
009,1,25.299715,1,1.93517,0.669697,0.415666,0.359365,0.0710419,0.0352691
009,1,1360.717802,2,2.48943,1.15753,0.468183,0.408783,0.0769776,0.0438713
009,1,2015.041563,3,2.29016,0.620467,0.406071,0.336882,0.050522,0.0388959
009,1,3254.437285,4,3.9474,4.41768,0.432476,0.393664,0.102489,0.0907453
009,0,21.333232,1,2.44771,0.811919,0.374799,0.332791,0.0726823,0.0332202
009,0,1394.578752,2,2.08726,0.849515,0.480987,0.448498,0.0676261,0.0381096
009,0,2648.311838,3,2.74531,1.2802,0.562265,0.476012,0.0756401,0.0332192
009,0,3892.083547,4,3.47502,1.6664,0.594273,0.499677,0.0809161,0.0388137
011,1,22.17451,1,3.23279,1.80628,0.550725,0.51129,0.077534,0.0332358
011,1,20.141224,1,2.63632,1.06125,1.38763,0.621181,0.0436844,0.0332379
011,1,721.039945,2,3.13029,1.62563,2.23537,1.60925,0.0912602,0.0332382
011,1,1941.035241,3,5.37287,4.98109,0.702017,0.619604,0.179861,0.0332398
011,1,3236.594029,4,2.90311,1.30938,0.362906,0.34605,0.147855,0.0520387
011,0,18.942229,1,2.25134,0.475084,0.564064,0.438795,0.0362546,0.0176389
011,0,1316.470848,2,2.95574,0.739009,0.710935,0.644981,0.104841,0.0398518
011,0,2420.085083,3,3.47556,2.68292,0.719374,0.530818,0.137286,0.0332485
012,0,21.559021,1,4.00326,4.26298,0.881315,0.894162,0.119076,0.115192
012,0,724.874495,2,2.93387,1.81536,0.780644,0.749649,0.0668466,0.0543667
012,0,1852.400988,3,3.47393,2.90093,1.36965,0.87581,0.083795,0.0595324
012,0,3162.645063,4,3.03087,2.52678,0.545939,0.468137,0.0848144,0.0593801
012,1,37.165801,1,3.14181,2.13893,0.667632,0.622754,0.119644,0.0931471
012,1,1378.220558,2,2.65328,0.990846,0.913905,0.872004,0.0823323,0.0604859
012,1,1379.652669,2,3.29118,2.85716,0.697694,0.603607,0.109035,0.0991511
012,1,2324.885237,3,2.93206,1.27249,0.866463,0.833452,0.0659878,0.0332312
012,1,3595.981007,4,3.20067,1.98624,0.885224,0.675796,0.106856,0.0332337
013,1,454.334593,1,2.52417,1.22505,0.703435,0.457995,0.107055,0.0332191
013,1,1629.295162,2,3.88195,4.97413,0.656945,0.57946,0.106143,0.0332204
013,1,2800.512076,3,3.50995,2.7138,1.538,0.954906,0.151524,0.0332216
013,0,20.84106,1,4.01018,4.97336,0.527215,0.382061,0.136997,0.0332138
013,0,1305.116938,2,4.01092,4.97301,1.43823,0.444114,0.158723,0.0332154
013,0,2512.305707,3,4.24877,3.73165,1.25586,0.640108,0.180952,0.133286
013,0,3769.264254,4,3.83174,4.97369,0.901214,0.620551,0.0702066,0.0332146
014,0,21.053637,1,3.42627,2.7144,0.837844,0.637658,0.165874,0.0787081
014,0,1242.438363,2,3.67893,2.7294,0.906313,0.856608,0.127536,0.0601098
014,0,2468.904929,3,4.6265,3.87553,1.79613,1.08119,0.212554,0.0983211
014,0,3678.702196,4,6.71313,5.63429,1.6572,0.628073,0.312452,0.227389
014,1,22.82991,1,3.54146,1.93591,0.735007,0.700534,0.0910038,0.0660933
014,1,1296.32951,2,4.29691,2.39478,1.10848,0.683855,0.192953,0.15646
014,1,2452.303687,3,4.36742,4.79463,1.06622,0.768213,0.232152,0.0680441
014,1,3629.097726,4,6.02959,6.22103,1.05964,0.664997,0.253258,0.187437
015,1,22.878891,1,2.35947,1.40013,0.656688,0.542486,0.0509613,0.0332205
015,1,1344.143733,2,2.53703,0.790438,0.624905,0.546081,0.0671301,0.0332166
015,1,2543.007284,3,3.12473,0.943631,0.862175,0.782347,0.0793375,0.0332194
015,1,3773.504008,4,2.40877,0.904754,0.508623,0.50085,0.0766958,0.0332166
015,0,19.363373,1,3.14285,1.31743,0.491469,0.359909,0.0866622,0.0332122
015,0,1232.617827,2,3.12002,1.28753,0.905316,0.623696,0.0918208,0.0372535
015,0,2580.216075,3,2.75415,0.645267,0.499185,0.426126,0.075381,0.0353949
015,0,3709.447371,4,3.00458,0.968321,0.563665,0.471469,0.0585384,0.033212
016,0,50.411138,1,4.25754,4.60359,1.14556,1.06569,0.144883,0.0722409
016,0,1452.965226,2,2.78484,0.811027,1.97496,0.514723,0.0816889,0.0406713
016,0,2594.137872,3,3.2809,1.46203,0.735889,0.716551,0.117432,0.0711091
016,0,3789.800406,4,3.03906,0.813996,1.27338,1.08444,0.100077,0.0471508
016,0,3787.30004,4,2.04341,1.15837,0.534964,0.420579,0.0803263,0.0246353
016,1,18.591251,1,2.9893,1.75571,0.526769,0.335718,0.130365,0.0663226
016,1,1174.573934,2,4.3201,3.48836,0.753633,0.526004,0.18259,0.146106
016,1,2404.130597,3,3.97564,2.81707,0.615026,0.44279,0.140056,0.119777
016,1,3660.719834,4,4.48263,2.75403,0.80917,0.651921,0.171526,0.101983
020,0,18.244044,1,3.25115,2.22419,1.40258,0.955111,0.131369,0.0332183
020,0,1218.737567,2,2.86353,1.66278,0.955072,0.776573,0.0909659,0.0411624
020,0,2399.918806,3,2.83707,0.64959,0.795036,0.485778,0.107021,0.0718069
020,0,3580.967231,4,3.75063,1.416,0.840172,0.725777,0.134336,0.118563
020,1,20.25765,1,3.36693,2.76498,0.496938,0.470222,0.0902924,0.0332201
020,1,1317.528974,2,2.2258,0.568882,0.758963,0.554967,0.0512978,0.0409471
020,1,2440.468508,3,3.3651,1.14515,0.654219,0.582827,0.064559,0.0332253
020,1,3648.650814,4,3.17226,1.86912,0.582575,0.396142,0.0671193,0.0332244
021,1,19.085751,1,3.30845,1.60366,2.99593,1.16382,0.137691,0.0314977
021,1,1170.890487,2,3.11234,1.70216,5.02191,0.838135,0.117769,0.0332115
021,1,2597.934936,3,2.67974,1.05668,3.10665,1.80905,0.116987,0.0332091
021,1,3956.589376,4,3.6218,2.34596,5.70369,2.07773,0.101961,0.0699428
021,0,43.442737,1,4.04169,3.99112,2.52786,0.412594,0.135571,0.110627
021,0,1271.984006,2,4.01036,4.76467,1.57246,0.662343,0.146413,0.0332198
021,0,2405.610738,3,5.47991,5.1085,5.02823,1.56323,0.220665,0.137413
021,0,3657.371474,4,3.4474,2.14979,3.44234,1.58807,0.145837,0.0332183
022,0,23.300612,1,4.66114,5.31503,0.804893,0.682996,0.141072,0.130354
022,0,1296.197299,2,3.44084,0.921751,0.964139,0.848114,0.114604,0.0906326
022,0,2477.745964,3,4.48752,4.09449,1.03912,0.870207,0.167316,0.141331
022,0,3580.434137,4,3.40699,1.42291,0.777862,0.701092,0.13399,0.0332332
022,1,19.697804,1,3.81597,2.79743,0.932467,0.856151,0.0951683,0.0480436
022,1,1173.193372,2,3.14464,1.68267,0.657532,0.627761,0.131834,0.0723293
022,1,2342.327152,3,3.5395,2.36537,0.671369,0.533025,0.13042,0.0847854
022,1,3504.019393,4,3.01494,1.98687,0.739453,0.603607,0.131464,0.0332293
023,1,94.335692,1,5.79337,4.98445,2.47315,1.6263,0.260763,0.0814795
023,1,1519.644655,2,4.01962,4.5055,3.32918,1.36027,0.17921,0.153705
023,1,2454.743571,3,3.05968,1.54806,0.802365,0.503578,0.138606,0.0332487
023,1,3525.615244,4,3.3463,0.625523,0.950823,0.730078,0.117164,0.0987956
023,0,38.499899,1,3.18508,0.844183,1.05794,0.905902,0.107683,0.0779515
023,0,1399.962375,2,2.79504,0.986623,0.985834,0.575733,0.0713414,0.0332417
023,0,2712.825958,3,2.65507,1.17506,0.775311,0.348866,0.113829,0.0648765
023,0,4055.052867,4,2.86763,1.47076,1.8283,0.835563,0.11473,0.0332444
024,0,20.8452,1,3.46115,2.36894,0.794677,0.43341,0.241033,0.033235
024,0,656.701724,2,3.67968,1.8047,4.80902,1.99704,0.131802,0.0374154
024,0,1787.316781,3,2.37204,0.707965,1.67943,1.31135,0.705959,0.0353502
024,0,3053.402151,4,3.38911,3.21565,0.953845,0.898746,0.221612,0.0587353
024,1,150.260642,1,9.01139,9.77815,13.4772,11.0343,5.23048,4.49559
024,1,1562.89492,2,6.72725,5.68239,16.4052,13.3974,4.92124,2.46004
024,1,2897.638453,3,7.00806,1.90445,9.99569,8.89565,4.89745,3.04318
024,1,4249.973854,4,7.28679,9.63995,12.303,10.7313,5.50947,5.24616
025,1,50.931793,1,7.04587,9.51324,2.47088,2.40493,2.48115,2.50785
025,1,1353.785439,2,6.95797,1.74746,2.0216,2.059,3.12162,3.12813
025,1,2432.943792,3,2.90718,1.11304,1.39261,0.471884,0.141357,0.0332441
025,1,3617.362924,4,5.79417,4.98014,1.41795,1.01799,0.744729,0.218006
025,0,30.386379,1,1.45981,0.649378,0.828366,0.741249,0.0855706,0.0211711
025,0,1387.112034,2,2.34469,0.609998,0.85277,0.327456,0.0607119,0.0316995
025,0,2657.416956,3,2.20915,0.599348,0.600698,0.43341,0.098607,0.0332522
025,0,4068.198199,4,2.86964,1.07819,0.600197,0.530449,0.0891463,0.0618705
026,0,52.535505,1,3.34031,2.51242,2.30551,1.85962,0.209518,0.0314942
026,0,1209.114684,2,3.23,1.34875,2.15237,1.15318,0.198899,0.0669425
026,0,2412.442633,3,2.82387,0.972373,2.58991,1.16969,0.114755,0.0600959
026,0,3543.369091,4,5.40162,6.02987,2.35308,1.16348,0.24484,0.232939
026,1,131.824297,1,2.58321,1.10469,1.16012,0.951622,0.0815056,0.0332252
026,1,26.44486,1,2.47188,1.54377,1.4279,0.815414,0.106251,0.0251856
026,1,1788.123295,2,2.45094,0.804504,1.39737,0.916212,0.12527,0.0332237
026,1,1613.791997,2,2.55647,1.32613,1.13443,0.65342,0.116275,0.0540311
026,1,3204.872533,3,2.2642,0.925252,1.54546,1.36573,0.061406,0.0309933
026,1,4542.499445,4,2.92685,1.22842,1.02256,0.727931,0.094423,0.0529643
027,1,20.351893,1,2.95101,1.66487,0.507621,0.409261,0.132391,0.03324
027,1,1207.944954,2,3.22092,1.87895,0.437274,0.305828,0.155438,0.0332429
027,1,2249.225079,3,3.1995,2.36006,0.743513,0.607485,0.132593,0.0363018
027,1,3357.984502,4,4.46985,5.02107,2.96763,2.98098,0.130637,0.033248
027,0,23.899106,1,3.0408,1.88334,0.5072,0.388662,0.13881,0.0756119
027,0,100.821573,1,3.00854,1.63462,0.379174,0.307741,0.114724,0.0351008
027,0,1985.433383,2,3.18158,0.978406,3.64776,0.553201,0.120491,0.0638779
027,0,3321.901926,3,3.20846,1.60211,0.945298,0.754333,0.133869,0.0332322
028,0,23.787801,1,2.75823,0.51281,0.506885,0.401539,0.0567917,0.0332422
028,0,1287.662528,2,2.69057,1.52357,0.713005,0.603931,0.120509,0.0315928
028,0,2472.966089,3,2.61989,1.13285,0.626907,0.5028,0.158341,0.0160251
028,0,3497.433725,4,3.75476,1.49628,0.548727,0.510141,0.110159,0.0783108
028,1,56.644115,1,2.63351,1.00085,0.292797,0.167859,0.0733783,0.0291216
028,1,1314.539686,2,2.65768,0.89594,0.148139,0.128204,0.0669542,0.0404726
028,1,2572.729887,3,2.34398,0.517075,0.331103,0.225554,0.0587766,0.0221673
028,1,3863.149875,4,2.70921,0.867467,0.250949,0.223812,0.0852882,0.052942
029,1,51.019909,1,4.53454,4.48187,0.848607,0.535223,0.14343,0.115924
029,1,18.964396,1,5.80439,5.03587,1.09007,0.938578,0.238038,0.213227
029,1,788.68702,2,4.27989,4.17401,1.26779,1.22029,0.121457,0.0723829
029,1,1953.377152,3,4.23016,3.86581,1.08264,0.578107,0.187728,0.14284
029,0,21.8451,1,5.60767,2.84234,0.829326,0.741777,0.238217,0.148467
029,0,319.757947,2,4.5495,4.55078,1.01163,0.719005,0.180862,0.181872
029,0,1554.758753,3,3.31604,2.27744,0.875863,0.685855,0.153709,0.0681409
029,0,2741.698088,4,5.42183,4.98265,1.76708,1.08787,0.177446,0.0332525
030,0,19.911768,1,4.27165,3.67196,0.796101,0.774555,0.184848,0.113628
030,0,1221.814547,2,3.82557,0.938077,1.18075,1.18828,0.125168,0.0663079
030,0,2520.623384,3,4.90024,4.64763,0.80163,0.708864,0.199197,0.090099
030,0,3672.612348,4,3.6991,2.67338,1.00686,0.708312,0.16108,0.109792
030,1,30.046273,1,3.20087,0.970832,1.205,0.866149,0.113554,0.0603754
030,1,1396.606784,2,4.3017,1.12542,0.640539,0.451975,0.180518,0.0332306
030,1,2737.62692,3,2.64975,1.02628,1.31397,1.16466,0.160717,0.0378411
030,1,3430.127583,3,3.4697,1.84755,1.26079,1.0857,0.0972207,0.0519863
030,1,4347.861332,4,2.59231,0.73436,0.886448,0.491385,0.115294,0.0332296
031,1,312.185261,1,4.51173,3.02567,1.77991,0.950799,0.162425,0.101776
031,1,74.090088,1,4.76756,5.77336,0.358478,0.266144,0.146042,0.144738
031,1,1310.702143,2,4.45594,4.99817,0.657326,0.578446,0.14559,0.127023
031,1,2473.318684,3,5.16437,5.46496,1.30472,0.915998,0.163778,0.134093
031,1,3115.785599,3,3.92158,1.22742,1.5036,1.2294,0.160485,0.115784
031,1,3823.060787,4,6.59542,6.42322,1.32441,1.10571,0.253589,0.183738
031,0,114.378694,1,3.5804,3.41583,0.506608,0.372203,0.17325,0.0687137
031,0,1430.47372,2,3.34427,1.48257,0.593392,0.403483,0.149752,0.108024
031,0,2639.89003,3,2.58301,1.64613,0.443117,0.330431,0.15447,0.0304913
031,0,3942.119065,4,2.73381,1.45466,0.586084,0.401539,0.136007,0.0370311
032,0,26.774201,1,3.39711,1.39481,0.631884,0.643158,0.091518,0.052537
032,0,1285.392046,2,2.81625,1.11134,0.775024,0.623696,0.0809601,0.057654
032,0,2439.304987,3,2.13294,0.560737,0.572794,0.483355,0.0667016,0.0275098
032,0,3791.994257,4,2.83346,0.67022,2.64865,0.428872,0.0521283,0.0290591
032,1,54.699278,1,2.22936,0.91346,0.580327,0.560579,0.0955245,0.0332383
032,1,1354.540688,2,2.37878,0.859641,0.404964,0.25101,0.0931665,0.0672311
032,1,2738.973599,3,3.26747,1.35554,0.427978,0.327456,0.113672,0.092008
032,1,4082.391413,4,3.16799,1.03711,0.711638,0.615803,0.113011,0.0871467
033,1,25.953193,1,3.16017,1.06809,0.446233,0.410216,0.122535,0.114876
033,1,1269.6525,2,3.6355,2.83325,0.681103,0.541764,0.10796,0.0996229
033,1,2360.467258,3,3.10295,0.790436,1.14018,0.454995,0.134998,0.0376741
033,1,3474.06124,4,3.35359,1.68283,2.12939,0.629629,0.146461,0.0312609
033,0,108.187715,1,2.17163,0.671122,2.15609,0.710518,0.0863978,0.0282865
033,0,1390.816193,2,3.09098,1.03166,0.741154,0.589171,0.091556,0.0425164
033,0,2736.091094,3,3.09977,0.620238,0.59967,0.454995,0.100863,0.0839554
033,0,4327.628578,4,2.83111,0.82166,1.56783,0.524887,0.079631,0.035351
034,0,175.349208,1,3.1363,1.25504,1.12232,0.781596,0.11693,0.0358004
034,0,1746.096565,2,4.15958,1.53099,2.49818,0.459701,0.187854,0.0739466
034,0,3397.132498,3,2.67473,1.31507,3.37142,0.657599,0.104646,0.0332327
034,0,4723.883987,4,3.71548,1.60144,3.31738,1.22876,0.138313,0.0808441
034,1,68.100372,1,3.68078,2.67706,1.1024,0.690688,0.190197,0.0696416
034,1,41.98772,1,5.45298,3.17539,1.30589,0.92196,0.270194,0.114833
034,1,1550.96714,2,3.22907,2.77612,0.892272,0.531555,0.166934,0.0649192
034,1,2928.009246,3,3.48701,1.09246,1.1229,0.793276,0.134328,0.117695
035,1,115.81273,1,1.93671,0.672275,0.838109,0.791547,0.130337,0.039441
035,1,1488.664334,2,1.63582,0.738222,0.722193,0.601984,0.119854,0.0157453
035,1,2849.360855,3,2.14611,1.03028,1.35772,0.520394,0.106127,0.0347615
035,1,4201.82423,4,2.46946,0.832702,0.810924,0.57946,0.0815516,0.0332387
035,0,28.398986,1,2.56981,0.761085,0.564437,0.471469,0.049588,0.027174
035,0,1319.871085,2,2.50777,0.440763,0.566785,0.398604,0.0585879,0.0294472
035,0,2571.693804,3,2.65073,0.44842,0.638781,0.523767,0.0570715,0.0268985
035,0,3817.295818,4,3.7207,0.699502,0.551084,0.435662,0.115818,0.0886092
036,0,105.467039,1,3.74179,1.70232,0.679405,0.550008,0.111482,0.10016
036,0,1560.989462,2,3.7313,0.348351,0.619016,0.552847,0.0985485,0.0404192
036,0,3088.710283,3,3.65592,0.492284,0.492045,0.41212,0.114403,0.0499833
036,0,4450.207436,4,3.37321,0.529267,0.510639,0.430239,0.128531,0.0269841
036,1,66.741946,1,3.00901,0.596368,0.863418,0.68728,0.0873635,0.0525061
036,1,1387.096243,2,3.91296,0.665178,1.06891,1.0633,0.126942,0.0651677
036,1,2715.059574,3,3.32767,0.526871,0.496848,0.400074,0.136794,0.0723442
036,1,4125.62908,4,3.27423,0.907751,1.02371,0.715458,0.125502,0.0534694
038,0,111.022794,1,4.0706,1.68057,0.617066,0.406382,0.171827,0.095971
038,0,256.528232,1,3.74248,2.08213,0.988143,0.857293,0.232867,0.167293
038,0,1873.778108,2,5.0066,1.94712,0.555258,0.457568,0.193971,0.0783383
038,0,3266.032248,3,3.13674,1.01549,0.622854,0.579122,0.102472,0.062325
038,0,4625.877788,4,3.0712,1.77404,0.56501,0.537412,0.129229,0.0332526
038,1,59.357527,1,3.21585,1.09433,0.868901,0.65342,0.0812674,0.033253
038,1,1568.258067,2,3.18263,1.45906,0.770638,0.466042,0.102789,0.0332523
038,1,2954.61443,3,2.89419,1.82614,0.745252,0.508604,0.119414,0.0332527
038,1,4274.233645,4,4.23864,1.77976,0.737369,0.54894,0.152381,0.0547825
039,0,72.165018,1,3.12584,0.853617,0.569309,0.438348,0.0706836,0.0432149
039,0,1152.938759,2,2.60226,0.513936,1.03688,0.918984,0.0427488,0.0332251
039,0,1150.172155,2,2.61444,0.775671,0.596407,0.568551,0.0458938,0.0285643
039,0,2006.900461,3,2.39118,0.628073,0.904523,0.92978,0.0524383,0.0273077
039,0,3377.16236,4,2.8621,1.82166,1.20777,1.15233,0.0659329,0.042799
039,0,4013.961389,5,1.7739,0.685064,0.996443,1.03344,0.0635186,0.0195029
039,0,79.247069,1,2.28898,0.684021,0.356592,0.236563,0.0680556,0.0247819
039,0,1221.139937,2,1.86931,0.51902,0.350987,0.29342,0.0519593,0.0208069
039,0,2499.005497,3,2.47002,0.451723,0.445933,0.317135,0.0620879,0.0332256
039,0,3810.600001,4,3.71055,1.15365,0.653595,0.628696,0.114056,0.0465373
039,0,4236.530314,4,1.52712,0.456093,0.568611,0.331022,0.0526723,0.0235948
040,0,56.810497,1,2.33455,1.37194,0.558848,0.450674,0.10548,0.0345867
040,0,1368.17107,2,3.16975,0.675806,1.57322,1.16785,0.0968568,0.0332575
040,0,2723.99127,3,2.52362,1.18651,0.798868,0.746248,0.0941245,0.033257
040,0,4051.186914,4,2.52578,1.19993,2.35381,0.937535,0.0863335,0.0547147
040,1,184.681319,1,5.59279,5.2749,0.997977,0.89219,0.198683,0.117371
040,1,1570.182841,2,4.60715,0.219448,0.981321,0.947913,0.181055,0.119461
040,1,2876.172261,3,5.91418,1.8372,1.09089,0.910857,0.206419,0.0332558
040,1,4402.764704,4,3.91954,2.16719,3.13041,1.74563,0.165305,0.118504
041,1,90.456708,1,2.87538,0.887192,0.584239,0.570955,0.0824852,0.0332276
041,1,48.490004,1,3.4612,1.22506,0.420803,0.411169,0.0873459,0.0676464
041,1,1522.94503,2,3.19028,0.329842,0.284977,0.233231,0.0830057,0.0246543
041,1,2784.785302,3,3.15033,1.13573,0.339562,0.254109,0.0594981,0.0332263
041,1,4060.19457,4,3.4288,0.785795,0.358017,0.289391,0.121333,0.0606699
041,0,46.690457,1,3.28566,1.68117,0.452606,0.339197,0.097114,0.0566081
041,0,1272.984789,2,3.22204,0.481973,0.396833,0.340923,0.0918444,0.0518857
041,0,2525.614267,3,2.00477,0.494066,0.431019,0.396636,0.0488942,0.0291635
041,0,3793.324301,4,3.31969,0.501796,0.582514,0.499285,0.0904562,0.0421913
042,0,20.421647,1,3.92239,1.60258,5.87225,0.956544,0.679166,0.0496168
042,0,1293.20893,2,3.79187,0.660189,1.41661,1.2367,0.146598,0.13593
042,0,2621.095277,3,3.05653,1.1521,2.21659,2.31959,0.108166,0.0530377
042,0,3926.53258,4,4.37528,1.61251,2.47924,0.787333,0.266214,0.12747
042,1,48.490513,1,2.37148,0.734914,0.786876,0.666466,0.123608,0.033237
042,1,1384.432726,2,3.3473,1.06146,0.621747,0.557429,0.0972614,0.0735576
042,1,2811.041468,3,2.32303,0.64709,0.581668,0.490986,0.104235,0.0456637
042,1,4087.661446,4,2.2533,0.618972,0.408612,0.305187,0.0674695,0.0321081
043,1,147.936713,1,3.60185,1.21504,0.86251,0.550719,0.123982,0.106187
043,1,1435.188592,2,2.96063,1.21873,0.587661,0.549652,0.0827593,0.0398985
043,1,2782.3222,3,2.64142,1.34634,0.592104,0.464781,0.106724,0.0724324
043,1,4077.940906,4,2.83804,1.23125,0.732587,0.547869,0.101337,0.0332341
043,0,25.290908,1,2.18268,1.09521,0.828357,0.707206,0.0943055,0.0360999
043,0,1356.908745,2,3.06947,1.63536,1.43395,0.581482,0.116242,0.0332236
043,0,2596.613407,3,3.04987,1.8376,0.98658,0.698576,0.0921648,0.0600535
043,0,3899.878493,4,2.16331,0.66968,1.25015,0.430693,0.0955078,0.0319702
044,0,76.976311,1,1.71042,0.748268,2.17506,0.73302,0.130907,0.0206437
044,0,366.48504,1,3.60767,1.53233,0.870975,0.769485,0.116559,0.0521641
044,0,1427.183446,2,2.82439,0.989454,1.12433,0.777832,0.104705,0.0620096
044,0,2720.814206,3,3.39582,1.00936,1.12932,1.01491,0.0743416,0.0332445
044,0,4009.826831,4,2.71373,1.0178,1.21599,0.535223,0.0605231,0.0332441
044,1,52.544511,1,3.10641,1.32194,1.27464,1.03306,0.143635,0.0654701
044,1,23.278472,1,3.36584,0.725532,0.99733,0.511673,0.110236,0.044894
044,1,1453.959673,2,2.89511,0.801998,0.877218,0.652821,0.065677,0.0332439
044,1,2738.433927,3,3.03834,0.615331,0.48336,0.419181,0.0981913,0.0442883
044,1,3991.126718,4,2.59416,0.449377,0.598126,0.424746,0.0603955,0.0332463
045,1,82.322904,1,2.38464,0.53473,2.34787,1.56573,0.0818128,0.0332308
045,1,1424.391747,2,3.4862,0.825598,1.64978,0.754592,0.110639,0.0886651
045,1,2900.690034,3,3.26448,0.52876,0.980077,0.715732,0.082439,0.0439612
045,1,4328.33647,4,2.65576,1.60836,1.31006,0.791794,0.0622406,0.0452764
045,1,4652.50254,4,3.37453,0.870625,2.43469,0.672894,0.0954468,0.0422196
045,0,54.732096,1,3.4912,1.7438,0.622137,0.514343,0.0700145,0.0332376
045,0,1311.939074,2,3.87818,0.612601,0.938946,0.50513,0.115562,0.0687074
045,0,2607.805399,3,3.26422,1.45539,0.953131,0.836031,0.139266,0.0849871
045,0,3986.43914,4,3.87504,0.955832,1.64821,1.27687,0.107747,0.0328461
046,0,66.890054,1,3.25415,0.973024,1.16527,0.927251,0.116153,0.0830116
046,0,1395.300034,2,2.83197,1.01287,1.53154,1.22221,0.0776295,0.037587
046,0,2748.742287,3,2.15371,0.83923,1.07923,0.67173,0.0774831,0.0390402
046,0,4025.873815,4,3.76324,1.38802,0.917876,0.524887,0.132638,0.0432805
046,1,221.157361,1,4.15409,3.97955,1.22939,0.951416,0.202268,0.084303
046,1,1733.190387,2,4.02153,3.50548,0.83655,0.716005,0.225777,0.119934
046,1,1558.955717,2,3.41776,3.81693,1.38383,0.805272,0.245208,0.327635
046,1,3136.650102,3,4.84238,1.90572,1.83977,1.17786,1.10721,0.075181
046,1,4511.893146,4,3.80658,3.71612,0.937083,0.718733,0.2159,0.0900327
047,0,85.281376,1,3.33248,0.855176,0.663233,0.549296,0.170656,0.135887
047,0,1422.053306,2,2.93104,1.17685,0.859877,0.706375,0.119502,0.059058
047,0,2848.606904,3,3.34869,1.64287,1.14863,0.891093,0.104366,0.0672923
047,0,4181.290427,4,2.84021,1.17941,0.679255,0.629939,0.0884614,0.0689559
047,0,55.123553,1,2.86739,0.811655,1.23441,0.935445,0.0706344,0.0557421
047,0,1355.335452,2,3.03313,1.35278,0.627896,0.486583,0.10566,0.0758641
047,0,2591.043147,3,2.42747,0.803136,0.69917,0.465202,0.0639559,0.033219
047,0,3848.896358,4,2.42861,0.544618,1.10643,0.645587,0.0888219,0.0284691
048,0,26.09947,1,2.86215,1.12133,1.51904,1.00775,0.105123,0.0331864
048,0,1402.855499,2,1.62058,0.716836,2.71842,1.76092,0.0659525,0.0258778
048,0,2769.155527,3,2.45771,1.07006,2.44619,1.06514,0.0938083,0.0505998
048,0,4168.354793,4,3.33855,0.6495,0.71835,0.642549,0.144954,0.0331882
048,1,27.17816,1,2.81078,1.01324,1.92102,0.964489,0.0724467,0.042447
048,1,1495.506554,2,3.58257,0.775543,2.23095,1.91918,0.108759,0.0617768
048,1,2785.456218,3,2.95959,1.02988,2.2223,2.19856,0.0623095,0.0332074
048,1,4171.816375,4,2.3617,0.969027,2.26949,0.884481,0.0762377,0.0425554
049,1,55.065392,1,4.55927,3.19856,2.56589,0.778838,0.201226,0.177138
049,1,1466.460592,2,5.6556,4.97987,0.980175,0.798439,0.233184,0.219868
049,1,2888.374521,3,4.18483,2.0919,2.42181,1.09825,0.197251,0.188446
049,1,4237.994839,4,5.65397,6.75543,1.98331,0.709967,0.233463,0.22448
049,0,27.765682,1,5.52872,5.71437,0.954952,0.583162,0.285736,0.153532
049,0,1429.265425,2,5.65962,5.48246,1.04675,0.935654,0.323376,0.191814
049,0,2798.563303,3,5.71426,5.33153,0.537002,0.36584,0.260096,0.22108
049,0,4050.300976,4,5.5979,5.43117,1.00592,0.582827,0.311491,0.213086
050,0,46.032283,1,3.00769,1.48788,0.81146,0.736748,0.107674,0.0673823
050,0,1341.959077,2,3.05813,1.74846,0.923433,0.699136,0.133309,0.0332322
050,0,2662.368951,3,2.02779,0.841197,1.5859,0.663818,0.0858724,0.0301494
050,0,3995.97739,4,3.01885,1.42054,1.46144,0.790805,0.0952226,0.033233
050,1,29.586435,1,3.57341,1.42433,1.18069,1.00697,0.145716,0.104701
050,1,1387.441899,2,4.42004,1.61007,1.96041,1.08065,0.156421,0.0332422
050,1,2663.52605,3,2.94706,1.31833,1.84518,0.716278,0.381661,0.0500833
050,1,4050.368671,4,3.32349,1.36792,2.79266,1.15589,0.102081,0.0332396
050,1,3972.862945,4,3.29463,1.05184,1.56294,1.15284,0.153878,0.0332386
051,1,39.736602,1,3.60116,1.23668,0.681213,0.631491,0.0977305,0.102159
051,1,1402.378536,2,3.1686,0.912755,0.564358,0.455854,0.103422,0.0457519
051,1,2724.309972,3,3.25726,0.571356,0.522699,0.336882,0.1046,0.0566293
051,1,4005.161552,4,3.97321,1.079,0.503015,0.448061,0.12299,0.12167
051,1,4030.353081,4,3.67206,1.60597,0.497409,0.441462,0.152074,0.147268
051,0,34.852753,1,3.64648,0.550764,0.667793,0.408783,0.102212,0.0745124
051,0,1383.060677,2,4.28264,2.68804,0.519814,0.403483,0.12655,0.101241
051,0,2650.042012,3,4.66985,4.97754,0.776333,0.776321,0.126878,0.0769476
051,0,3975.914943,4,4.18332,3.71228,0.478019,0.386643,0.157805,0.112038
052,0,46.377915,1,5.01787,1.86551,1.0213,0.66676,0.185465,0.0018064
052,0,1406.837566,2,4.04972,1.86413,1.24895,1.00658,0.222882,0.207559
052,0,2864.5649,3,3.4341,1.35652,2.37226,1.18647,0.163008,0.0915486
052,0,4219.314773,4,3.47466,1.57752,0.411721,0.311533,0.165727,0.0327153
052,1,66.589086,1,2.35351,0.617225,0.81656,0.806971,0.109722,0.0705372
052,1,1473.55373,2,5.88742,1.40322,1.85095,1.78564,0.233165,0.0498563
052,1,2778.322939,3,3.45088,1.61347,0.66486,0.52077,0.139047,0.0737077
052,1,4084.275011,4,3.49067,0.613574,0.799558,0.736217,0.114026,0.087107
053,1,37.699206,1,2.65097,0.886769,1.53688,0.897003,0.13667,0.027919
053,1,1328.545659,2,3.85524,1.07363,2.98649,1.39156,0.134987,0.0882198
053,1,2830.678851,3,2.73231,1.40579,1.38442,1.05629,0.147707,0.0689142
053,1,4166.193378,4,3.07688,1.00101,1.44657,1.06716,0.205203,0.0829409
053,0,31.145061,1,3.79163,0.893187,1.60704,1.16045,0.523966,0.0343633
053,0,1336.12891,2,2.46894,1.04075,0.98918,0.99544,0.121437,0.0332283
053,0,2638.713176,3,2.48482,0.788668,1.07645,0.996226,0.102698,0.0573034
053,0,3980.189813,4,3.31185,1.1539,1.38649,0.814934,0.211322,0.034081
054,0,45.919624,1,3.51289,0.813541,1.19717,0.975584,0.112262,0.0332432
054,0,24.566021,1,2.68847,0.541934,1.20513,0.661456,0.0673841,0.03324
054,0,882.231826,2,2.88792,0.975327,0.74486,0.43924,0.0561039,0.0332412
054,0,2225.987705,3,1.93549,0.556865,0.76489,0.658194,0.0544983,0.0186809
054,0,3435.195633,4,2.78852,1.0668,1.05837,1.14398,0.0543306,0.0332465
054,1,30.454205,1,2.90735,1.4847,1.16924,0.588506,0.0946536,0.0341638
054,1,1326.043862,2,2.5047,0.69386,0.612009,0.586174,0.0779177,0.0620143
054,1,2597.681758,3,2.91835,1.48649,0.95287,0.780343,0.0792799,0.0334165
054,1,4009.130942,4,3.23634,1.19225,1.17598,0.951005,0.108842,0.0621145
055,1,47.135753,1,3.80449,1.2794,0.439328,0.394161,0.0972825,0.0441019
055,1,1518.133161,2,3.82209,1.20478,0.584162,0.516999,0.125685,0.102151
055,1,2842.860783,3,3.44746,1.7915,0.493894,0.404935,0.157126,0.0332373
055,1,4150.99111,4,3.43303,1.70791,0.79277,0.670856,0.116727,0.0480119
055,0,32.632234,1,2.94118,1.39567,0.679046,0.631181,0.102164,0.0624569
055,0,1357.562427,2,2.36803,0.936456,1.01312,0.771263,0.114475,0.0541603
055,0,2728.04608,3,2.92185,1.33547,0.817461,0.703322,0.0665195,0.038547
055,0,4365.456753,4,3.49188,1.6834,1.50653,0.987149,0.0903961,0.0710284
055,0,3994.986595,4,4.63023,4.72092,0.824881,0.803813,0.189031,0.133997
056,0,66.522487,1,3.34592,1.94619,0.607981,0.455425,0.101583,0.0640351
056,0,1388.685884,2,3.56489,2.26218,0.745176,0.635814,0.120365,0.106819
056,0,2716.104134,3,4.05591,1.78325,2.36239,2.53018,0.176425,0.138806
056,0,4051.728029,4,1.94413,1.08738,0.722746,0.593143,0.120662,0.034673
056,1,42.623742,1,2.23054,0.822693,1.38714,1.44144,0.0805048,0.0400184
056,1,27.811678,1,3.19726,0.866327,0.98296,0.677242,0.102365,0.082341
056,1,1376.300931,2,2.70677,0.988206,0.864615,0.752515,0.0798083,0.0332094
056,1,2647.945756,3,2.21127,0.946213,0.827316,0.389165,0.0904204,0.0587082
056,1,3972.234207,4,2.22324,1.3413,0.935823,0.457995,0.126153,0.0508186
056,1,3972.846633,4,3.00602,1.25534,0.578485,0.43341,0.0993166,0.0332126
057,1,123.203783,1,3.87515,2.80704,0.630803,0.455854,0.165893,0.124416
057,1,1425.33984,2,4.44886,2.28131,0.706866,0.730346,0.169932,0.176738
057,1,2659.500604,3,3.0586,1.90359,0.577297,0.468972,0.145289,0.0910773
057,1,3906.150763,4,2.44609,1.40124,1.03156,0.351102,0.119934,0.02438
057,0,61.091593,1,3.1553,3.49588,0.586984,0.51129,0.231285,0.316465
057,0,1435.165004,2,3.67607,3.58362,0.863674,0.811565,0.231108,0.131607
057,0,2712.722843,3,5.59155,3.74891,0.997637,0.658788,0.350198,0.323718
057,0,4035.36212,4,3.10597,0.92761,1.80118,0.536319,0.112019,0.0784863
058,0,46.489959,1,3.43947,1.79517,0.846146,0.722534,0.139985,0.0626998
058,0,1458.586932,2,2.3183,0.653028,0.755285,0.637044,0.0877563,0.032355
058,0,2770.89202,3,2.24572,0.647795,1.00037,0.789071,0.104484,0.0400544
058,0,3998.019067,4,3.41475,1.56252,1.257,1.19861,0.128567,0.094032
058,1,24.042088,1,1.76071,0.957397,0.546153,0.466462,0.0633883,0.0228784
058,1,1319.111417,2,2.75181,0.583733,0.75455,0.721992,0.0702031,0.0353563
058,1,2597.385166,3,2.9162,1.16916,0.62964,0.537776,0.0678505,0.042502
058,1,3859.670526,4,2.66129,0.489842,0.939958,0.67782,0.0765879,0.0359146
059,1,114.458644,1,3.63482,0.930642,0.807124,0.536319,0.124025,0.0631574
059,1,1392.848675,2,3.42655,1.60395,0.780674,0.512819,0.125594,0.105901
059,1,1417.414522,2,3.9269,1.77707,0.484802,0.351659,0.153714,0.102375
059,1,2757.850597,3,4.92841,3.96734,0.620149,0.433862,0.202817,0.0945704
059,1,4067.035435,4,3.15458,2.43645,0.546883,0.397621,0.152527,0.0530822
059,0,99.836081,1,4.87895,5.51461,0.917636,0.90655,0.173296,0.168203
059,0,1359.473047,2,2.25809,1.05939,0.85899,0.453703,0.116853,0.0629887
059,0,2601.323515,3,3.15278,1.82284,0.777686,0.712444,0.121692,0.0719774
059,0,4243.504332,4,1.7613,0.800979,1.7245,0.654617,0.122421,0.0215885
060,0,88.907798,1,3.03929,0.908725,0.725533,0.561974,0.0970232,0.0638265
060,0,1355.592001,2,1.78874,0.548887,0.702817,0.535589,0.0361292,0.0207411
060,0,2613.118388,3,3.289,0.572924,0.809688,0.757698,0.0943273,0.0580544
060,0,3920.315889,4,2.69714,0.666377,0.67224,0.697735,0.0756269,0.0332481
060,1,34.757473,1,3.50857,1.45349,0.699406,0.455425,0.115825,0.0672359
060,1,1297.340189,2,1.88542,0.463632,0.393655,0.356632,0.0355115,0.0203149
060,1,2519.855247,3,2.92207,1.0261,0.416625,0.372203,0.0825382,0.0383555
060,1,2650.212916,3,3.08011,1.34976,0.662169,0.516999,0.0634762,0.0332429
061,1,29.920709,1,2.82234,1.89398,0.753982,0.736748,0.125316,0.0369384
061,1,1374.561101,2,4.10751,1.95461,1.09228,1.02927,0.186259,0.111181
061,1,1408.226449,2,1.87871,1.26402,0.879399,0.730078,0.124906,0.0232185
061,1,2852.077897,3,2.00877,1.03765,1.06151,0.855694,0.105895,0.022267
061,1,4281.896517,4,3.9305,3.84314,0.808827,0.75873,0.156678,0.0796685
061,0,35.932421,1,3.44617,1.77641,1.09637,0.831336,0.149605,0.0401425
061,0,1393.104812,2,2.71459,0.709586,0.860403,0.777077,0.0701283,0.0405773
061,0,2723.04802,3,3.85684,1.32945,0.955185,0.832748,0.126994,0.0449221
061,0,4019.810031,4,3.42891,1.83024,1.08947,1.00755,0.162693,0.0808155
061,0,4469.169798,4,3.22434,1.1218,1.21106,1.23828,0.153262,0.0308629
